Lead_name,Domain
1141930 Christy Sports LLC,http://www.christysports.com
16500 INC,http://www.16500.com
88 Tactical,http://www.88tactical.com
"Abrisa Industrial Glass, Inc.",http://www.abrisatechnologies.com
Accelerate Diagnostics,http://www.acceleratediagnostics.com
Activated Carbon Corp.,http://activatedcarbon.com
Active Membrane,http://activemembrane.com
Adcraft Printing,http://www.adcraftusa.com
Advanced Fiberglass Concepts,http://www.advfiberglass.com
AdviNOW Medical,https://advinow.com/
Agri-Cover Inc,http://www.agricover.com
AGVenture,http://www.agventure.com
Alef Aeronautics formerly Armada,https://alef.aero/
Alef Sausage,https://www.alefsausage.com/
Ali-Zon,http://www.ali-zon.com
All Star Trading,http://www.allstartrading.com
"Alp-n-Rock, LLC",http://www.alpnrock.com
Alpha Safety,https://alphasafetyco.com/
AmazingCosmetics,http://www.amazingcosmetics.com
Aminox,http://amionxsafecore.com
Anderson Pump Company,http://www.andersonpumpcompany.com
"Aosense, Inc.",http://www.aosense.com
Applied Cardiac Systems Inc,https://acsd4u.com
Arcadia,https://arcadiacontract.com/
Arnold,http://arncosolutions.com
Arrowhead Potatoes,https://arrowheadpotatoes.com/
Artisan Bakers,http://www.artisanbakers.com
Astek,http://astek.com
Atlas Group,http://www.atlasgroupaero.com
"Aurora Packing Company, Inc.",http://www.aurorabeef.com
Autex LLC,http://www.autexacoustics.com
Avenue Bread and Deli/Avenue Bakery,http://avenuebread.com
Bako Sweet,http://bakosweet.com
Barebottle Brew Co,http://barebottlebeer.com
Bedsure,http://www.bedsurehome.com
Beneficial Insectary,http://insectary.com
BK Resources,http://www.bk-resources.com
Boom Home Medical,http://boomhomemedical.com
Boudin Bakeries Inc,http://www.boudinbakery.com
Britton Konynenburg Partners,http://www.brittonkonynenburg.com
Brock USA,https://www.brockusa.com/
C.R. McMullen Co. Inc.,http://www.crmcmullen.com
Caffe Classico Foods Inc.,http://www.caffeclassicofoods.com
CALIFORNIA FINE WIRE CO,http://www.calfinewire.com
Camino Minerals,http://www.caminocorp.com
Carr Lane Manufacturing,http://www.carrlane.com
Cbcc Global Research,https://www.cbcc.global
Chalet Desserts Inc.,http://www.chaletdesserts.com
Chamberlin Agriculture,http://chamberlinag.com
Chemcor Chemical Corporation,http://www.chemcorchemical.com
Choc-Art LLC,http://www.candymaker.com
Chuckanut Bay Foods,http://www.chuckanutbay.com
Clay Laguna Co,http://www.lagunaclay.com
Clear Image Printing,http://www.clearimageprinting.com
CLW Foods,http://www.clwfoods.com
Competition Specialties,https://www.compspecialties.com
Condor,http://condoroutdoor.com
Continental Floral Greens,http://www.cfgreens.com
Corefx Ingredients Llc,http://www.corefxingredients.com/
Creations Foods,https://www.creationsfoods.com/
CybertronPC,https://www.clxgaming.com/
DaCosta Farms LLC,https://dacostafarms.com/
Dandelion Chocolate,https://www.dandelionchocolate.com/
DCD Design & Manufacturing,https://www.dcddesign.com/
Del Mar Packing,http://www.delmarfarms.com
Delta Power,http://www.delta-power.com
Denali Brewpub,http://www.denalibrewing.com
Dmg Mori Digital Technology Laboratory Corporation,https://us.dmgmori.com/
Double L Group,http://www.doublel.com/
"Doug Mockett & Company, Inc.",http://www.mockett.com
Dugan's Paint & Flooring Center,http://www.dugans1871.com
Dynamic Rescue Systems Inc,http://www.dynamicrescue.com
"E & S International Enterprises, Inc.",https://www.esintl.com
EBD Truss,http://ebdtruss.com
Electron Beam Technologies Inc,http://www.electronbeam.com
Elevated Inc,http://elevated.inc
Elevation Foods,http://www.elevation-foods.com
Elk Cove Vineyards,http://www.elkcove.com
Ensight Solutions LLC,http://www.ensightsolutions.us
Exodus Rigs,https://www.exodusrigs.com/
Express Chipping,http://www.chippingconcrete.com
"Exquadrum, Inc.",http://www.exquadrum.com
"FBC Industries, Inc.",http://www.fbcindustries.com
FinditParts,http://www.finditparts.com
Fiocchi Of America,http://www.fiocchiusa.com
Forbes Industries,http://www.forbesindustries.com
Forespar Products Corp,http://www.forespar.com
Forge Graphic Works,http://www.forgepdx.com
French Gourmet Inc,http://www.frenchgourmet.com
Garratt Callahan,http://www.garrattcallahan.com
Gelish/Nail Alliance,http://gelish.com
Global Air Logistics and Training (GALT),http://www.galt.aero
Global Plumbing and Fire Supply Inc.,http://www.gpfsupply.com
GPI Anatomicals,http://www.gpianatomicals.com
"Greater Pacific Industries, Inc.",http://www.greaterpacific.com
Guardian Equipment Inc.,http://www.gesafety.com
Hardy Diagnostics,http://hardydiagnostics.com
Hawaiian Host Chocolates,http://www.hawaiianhost.com
HIGH COUNTRY LUMBER INC,http://www.highcountrylumber.com
High Quality Organics,http://www.hqorganics.com
"Hilo Fish Company, Inc",http://www.hilofish.com
HO SPORTS,http://www.hosports.com
Hoffmeyer,http://www.hoffmeyerco.com
Hollabaugh Brothers & Associates,http://www.hbarep.com
Homewood Building Supply,http://www.hbs-lbm.com
"HTI Polymer, Inc.",https://htipolymer.com/
Humidity Control Systems Inc,http://www.coolerking.com
InertialSense,http://inertialsense.com
InnovaFlex Foundry,http://www.innovaflexusa.com
Interstate Meat Distributors,http://www.interstatemeat.com
Ironwood Clay Company Inc.,http://ironwoodclay.com
Jackson Hole Buffalo Meat Company,http://www.jhbuffalomeat.com
Joe's USA,http://www.joesusa.com
Joinn Biologics,http://www.joinnbio.com
Joneca Corporation,http://www.joneca.com
joNiitakaya Usa Inc.,http://www.niitakaya.com
JuneShine,http://www.juneshine.com
Justice Bedding Co,http://www.justicefurniture.com
JW Floor Covering,http://www.jwfloors.com
"K. Hall Studio, Inc.",http://www.khallstudio.com
Kimco Controls,http://www.kimcocontrols.ca
King Cheese Corp,http://www.kingcheese.com
KJ Contracting,http://www.kjcontracting.net
Knez Inc,http://www.knezinc.com
"KNG BRANDS, INC  DBA PISTOLA DBA DAZE",http://www.euninajeans.com
La Canasta Mexican Food Products,http://www.la-canasta.com
LANS Company,http://www.lanscompany.com
Layton Manufacturing,http://www.laytonsystems.com
Lee Spring,http://www.leespring.com
Leider Greenhouse,http://www.leider.us
LifeWave Inc.,http://www.lifewave.com
Liquid Graphics,http://liquidgraphicsmfg.com
Liquid Health,http://www.liquidhealthinc.com
"Llamas Plastics, Inc./Lee Aerospace",http://www.llamasplastics.com
Loftus Ranches,http://www.loftusranches.com
Long Grove Confectionary Co,http://www.longgrove.com
"Lumberyard Suppliers, Inc.",http://www.ls-usa.com
"Lumisource, LLC",http://www.lumisource.com
MagnaTiles,http://www.magnatiles.com
Mallard Creek inc,http://www.mallardcreekinc.com
Mamma Chia,https://www.mammachia.com
Manitobah,http://www.manitobah.ca/
Manson Growers Coop.,http://www.mansongrowers.com
Marel Power Solutions,https://marel-power.com/
Matsun Nutrition,http://www.matsunnutrition.com
Mauser Packaging Solutions,http://www.mauserpackaging.com
Maven Outdoor Equipment /Cobalt Golf,http://www.mavenbuilt.com
Mc Neece Bros Oil Co Inc,http://www.mcneecebros.com
Mccarty Family Farms,http://www.mccartyfamilyfarms.com
McCormick Distilling Co Inc,http://www.mccormickdistilling.com
McKaskle Family Farm,https://www.mckasklefamilyfarm.com
Mechanical Tool & Engineering,http://www.mtehydraulics.com
Membrion,http://www.membrion.com
Mendocino Wine Company,http://www.mendocinowineco.com
Mesa Vineyard Management,http://www.mesavineyard.com
Metrology Services,http://www.attinc.com
Metropolitan Hardwood Floors,http://www.metrofloors.com
Microfinish Co. Inc,http://www.microfinishco.com
Miles Resources,http://www.milesresources.com
"Millennia Stainless, Inc.",http://www.millenniastainless.com
Mitchells,https://shop.mitchellstores.com/
Mitsubishi Cement Corp.,http://www.mitsubishicement.com
MMA Design LLC,http://www.mmadesignllc.com
Mobile Pixels,https://www.mobilepixels.us/
MoFi Distribution,http://www.mofidistribution.com
MSE Supplies LLC,https://www.msesupplies.com
Munson Boats,http://www.munsonboats.com
Najarian Furniture Company,http://www.najarianfurniture.com
Nakestores,https://nakestores.com/
Narra,http://drinknarra.com
Natuzzi Editions,http://www.natuzzieditions.com
Ne-Mo's Bakery,https://www.nemosbakery.com/
"New Hong Kong Noodle Co., Inc.",http://www.nhknoodle.com
Next Door & Window,http://www.nextdoorandwindow.com
"Nihon Kohden Orangemed, Inc.",http://www.orange-med.com
"NOROTOS, INC.",http://www.norotos.com
North Star Equipment Services,http://www.northstarak.com
North Star Ice Equipment,http://www.northstarice.com
Nutraways Enterprises LTD,https://vitasave.ca/
NuWay - K&H Cooperative,http://www.nuway-kandh.com
O C Keckley Company Inc,http://www.keckley.com
Oewaves,http://www.oewaves.com
"Oiselle Running, Inc.",http://www.oiselle.com/
Ollin,https://ollin.co/
Olympian Motors,http://www.olympianmotors.com
ONSIGHT Technology (onsightops.com),http://onsightops.com
"ORTHOSELECT, LLC",http://www.myorthoselect.com
Ozark Die Casting,http://ozarkdie.com/
Pacific Paper,http://www.pacificpaper.com/
"Pacific States Petroleum, Inc.",http://www.pacstatespetro.com
Pali Wine Company,http://www.paliwineco.com
Patrick Lumber Co,http://www.patlbr.com
Pharma Tech Industries,https://pharma-tech.com/
Phycoterra,http://phycoterra.com
Portland Bottling,http://www.portlandbottling.com
Practivet,http://www.practivet.com
Preproduction Plastics Inc.,http://ppiplastics.com
"Presidio Medical, Inc",https://presidiomedical.com/
"Primo Designs, Inc",http://www.primodesigns.net
Proballer Energy,http://www.proballerenergy.com
Process Solutions,http://www.processsolutions.com/
"Produce Services of Los Angeles, Inc.",http://www.pslainc.com
Pump Supply Inc,http://www.pumpsupplyinc.com
Purist Collective,http://puristcollective.com
Purium Health Products,http://www.ishoppurium.com
Qal-Tek Associates,http://www.qaltek.com
Radian,http://radianheatsinks.com
Redwood Trading LLC.,http://www.theredwoodgroup.com
Reeds Dairy,http://www.reedsdairy.com
Returnity Innovations,https://www.returnity.co/
"Revcor, Inc",http://www.revcor.com
Richwood Meat Company,http://www.richwoodmeat.com
Rightway Steel,http://www.rightwaysteel.com
"Ring-Neck Energy & Feed, LLC",http://www.ringneckenergy.com
Roeder Implement Inc,https://www.roederimplement.com/
RootX,http://rootx.com
Ruby Jewel Ice Cream Sandwiches,http://www.rubyjewel.com
Safetyweb Technology,http://www.cargosafetyweb.com
SaltWorks,http://www.seasalt.com
SCANTECH,http://www.3d-scantech.com
Schwimmer Drapery Inc,http://www.schwimmerdrapery.com
"Seaga Manufacturing, Inc.",http://www.seaga.com
Seattle Coffee Gear,http://www.seattlecoffeegear.com
Seattle yachts,http://seattleyachts.com
SelectRx.com,http://www.selectrx.com
"Selkirk Sport, LLC",http://www.selkirk.com
sEpsilon Electronics Inc.,http://www.epsilonelectronicsinc.com
Sigma Connectivity,http://www.sigmaconnectivity.com
"Signal and Power Delivery Systems, Inc",https://www.signalandpower.com
Simbe Robotics,http://www.simberobotics.com
Sims Vibration Technologies,http://www.limbsaver.com
SM Seafood,http://smseafood.com
Small Pet Select,http://www.smallpetselect.com
SnapLock Industries,http://www.snaplock.com
Sonoma Tilemakers,http://sonomatilemakers.com
STANFORD ADVANCED MATERIALS,http://www.samaterials.com
Starfish Product Engineering,http://www.starfishmedical.com
Stark Street,http://www.starkstreet.com
Stellartech Research Corp,http://www.stellartec.com
Strideline,http://www.strideline.com
Subgravity,http://www.sub-gravity.com
Summit Brick Company,http://www.summitbrick.com
SVL LLC,http://www.svl.com
Sweco,http://www.swecoproducts.com
Tai Foong USA Inc.,http://www.northernchef.com/
"TEC Foods, Inc.",http://www.tecfoodsinc.com
The Artisan Shop,http://www.theartisanshop.com
The Biscotti Company,http://thebiscotticompany.com
The Swan Corporation,http://www.swanstone.com
The VPS Companies,https://www.vpscompanies.com/
Thermo King Fresno,http://thermokingca.com
Threadless,http://www.threadless.com
Timeless Skincare,https://www.timelessha.com/
Torre & Tagus,http://www.torretagus.com
Totem Mats,http://www.totemmats.com
Toughbuilt,http://toughbuilt.com
True Angle Medical Technologies,http://trueanglemedical.com
TTS Granite,http://www.ttsgranite.com
Typenex Medical,http://www.typenex.com
Unit Solutions Inc.,http://www.unitsolutions.com
US Orthodontic Products,http://www.usortho.com
US Pharmatech Inc.,http://www.uspharmatech.com
Valley Tool Manufacturing Inc,http://www.valleytoolmfg.com
Valley Wine Warehouse,http://www.valleywinewarehouse.com
Van Diest Supply Company,http://www.vdsc.com
Varda Space Industries,http://www.varda.com
Velvet by Graham & Spencer,http://velvet-tees.com/
Ver Sales,http://www.versales.com
Vetio Animal Health,http://www.vetio.com
"WaterTectonics, Inc.",http://www.watertectonics.com
West Coast Appliance and Furniture/Kellys,http://kellyshomecenter.com
West Coast Materials,http://www.westcoastmaterials.com
"Westendorf Mfg. Co., Inc.",http://www.loaders.com
Western Ready Mix,http://www.western-readymix.com
Westwood Building Materials,http://www.westwoodbm.com
"Wills Milling & Hardwoods, Inc.",http://www.willsmilling.com
Winton Homes,https://www.wintonhomes.ca/
"Wisoman Foods, Inc.",https://www.wisomanfoods.com
Wolfgangâ€™s steakhouse,https://www.wolfgangssteakhouse.net/
Wonder Ice Cream,http://www.wonderic.com
Woodbridge Interiors,http://www.woodbridgeinteriors.com
World Wide Produce,http://www.wwproduce.com
Xeco Energy Corporation,https://www.xecoenergy.com/
Yamasa Corporation USA,https://www.yamasausa.com/
Yardney Water Filtration Systems,http://www.yardneyfilters.com
Z-Tec Automation Systems,https://www.ztec.ca/
Zamzow's Inc,http://www.zamzows.com